hashtag,frequency
فانيلا_اليوم_وكل_يوم,47
vanilla_today_and_everyday,34
vanilla,19
today_and_everyday,16
قهوة,8
كيك,8
فانيلا,8
coffee,8
cake,7
اليوم_وكل_يوم,7
vanilla_cake,7
dessert,6
ramadankareem,6
ramadan2025,5
desserts,4
happymothersday,3
mothersday,3
يوم_الأم,3
food,2
طعام,2
cheesecake,2
الصباح,2
morning,2
todayandeveryday,2
sansebastian,2
ginger_twist,2
الليل,1
eating,1
وزن,1
أكل,1
chocolate,1
triffle,1
وينجز,1
مشاريب,1
wings,1
ريجيم,1
حلويات,1
night,1
طول_بالك,1
زينة,1
mixberries,1
new,1
مكس_بيريز,1
cakeandcoffee,1
جديد,1
شوكولاتة,1
ايسكريم,1
icecream,1
سعادة,1
competition,1
مسابقة,1
trending,1
رينبوكيك,1
rainbowcake,1
نودلز,1
noodles,1
drinks,1
سانسيباستيان,1
milkshake,1
mixesberries,1
freshlybaked,1
yummy,1
macaroons,1
ferraro-cheesecake,1
جنجر_تويست,1
frenchtoast,1
bakery,1
breakfast,1
reelsvideo,1
cakebox,1
vanillabakery,1
عيدالفطرالمبارك,1
frenchtoastcup,1
japanese_jelly_coffee,1
matcha,1
جنجر_توست,1
فرنش_توست,1
كوكيز,1
